Name,Category,Subcategory,URL,Description,Image,Ability,My Ranking
Pixlr,Image,Editing,https://pixlr.com/,Fantastic image editor,http://tomsmith.webfactional.com/notes/Online_Photo_Editor___Pixlr_Editor_22899C0C.png,1,
Pixlr X,Image,Editing,https://pixlr.com/X/  ,The latest version of this fantastic image editor. Has fantastic tools for isolating a part of an image.,http://tomsmith.webfactional.com/notes/Photo_Editor___Pixlr_com_-_free_image_editing_online_22899C6D.png,1,
Pixlr Express,Image,Editing,https://pixlr.com/express/,"A more ""Instagram-like"" version of this fanstastic image editor with some funky effects",http://tomsmith.webfactional.com/notes/Online_Photo_Editor_-_Free_-_Pixlr_Express_2289A158.png,1,
Photomosh,Image,Glitch,https://photomosh.com,Make gifs and images with a heap of bizarre effects,http://tomsmith.webfactional.com/notes/PHOTOMOSH_and_Desktop__tomsmith_web503___webapps_static_notes__ssh_tomsmith_tomsmith_webfactional_com__11748_2289A191.png,1,
Jpeg Glitch,Image,Glitch,https://snorpey.github.io/jpg-glitch/ ,Glitch your images into oblivion,http://tomsmith.webfactional.com/notes/Image_Glitch_Tool_2289A1D9.png,2,
Mara,Image,Tools,https://mara.photos/ ,Lots of standalone image tools. I like the kaleidoscope one.,http://tomsmith.webfactional.com/notes/Mara_2289A206.png,2,
Deep Dream,Image,Effects,https://deepdreamgenerator.com,Make your images psychedelic,http://tomsmith.webfactional.com/notes/Deep_Dream_Generator_2289A235.png,1,
Trianglify,Image,Effects,https://trianglify.io/ ,Make lovely abstract background images,http://tomsmith.webfactional.com/notes/Trianglify_io_路_Low_Poly_Pattern_Generator_2289A26D.png,1,
Audio Clash,Audio,Toy,https://clash.me/,Turn text into samples,http://tomsmith.webfactional.com/notes/Clash___audio_experiment___message_2289A29F.png,1,
Superlooper,Audio,Toy,https://superlooper.universlabs.co.uk/,Make weird music with this weird digital instrument,http://tomsmith.webfactional.com/notes/SUPER-LOOPER_-_Univers_Labs__2289A2E5.png,2,
TwistedWave,Audio,Editing,https://twistedwave.com/online,"Edit audio files, trim, copy, paste, reverse and add effects such as reverb.",http://tomsmith.webfactional.com/notes/TwistedWave_Online_Audio_Editor_2289A31A.png,,
Soundation,Audio,Editing,https://chrome.soundation.com/,"A full, multi-track sequencing tool.",http://tomsmith.webfactional.com/notes/Untitled_Song__Soundation_Studio_2289A361.png,,
Incredibox,Audio,Toy,https://www.incredibox.com/,Have fun with a strange digital choir,http://tomsmith.webfactional.com/notes/Incredibox_2289A37D.png,,
Rational Keyboard,Audio,Toy,http://fritzo.org/keys/#style=piano,Play an unusual rational keyboard. Very eno. ,http://tomsmith.webfactional.com/notes/The_Rational_Keyboard__2289A394.png,,
Infinite Drum Machine,Audio,Toy,https://experiments.withgoogle.com/ai/drum-machine/view/,Hundreds of samples for you to program into a rhythm,http://tomsmith.webfactional.com/notes/The_Infinite_Drum_Machine_2289A3C8.png,,
Novation,Audio,Toy,https://intro.novationmusic.com/harry-coade?overlay=intro,Just click the buttons and get a groove going,http://tomsmith.webfactional.com/notes/Harry_Coade____Found_Sound__2289A3E6.png,,
Sampulator,Audio,Toy,http://sampulator.com/ ,Use your keyboard to play samples,http://tomsmith.webfactional.com/notes/Sampulator_2289A400.png,,
YouDJ,Audio,Toy,https://you.dj/,Mix Soundcloud and Youtube track on two decks,http://tomsmith.webfactional.com/notes/YOU_DJ_-_MIX_MUSIC_ONLINE_for_free_____2289A439.png,,
Flippin' Typical,Fonts,Toy,http://flippingtypical.com/,Find fonts you like,http://tomsmith.webfactional.com/notes/flipping_typical__preview_text___compare_your_fonts_easily_2289A458.png,,
Twine,Games,Creation,http://twinery.org/2/#!/stories,Write interactive narrative fiction (the online version). Create your own adventure game!,http://tomsmith.webfactional.com/notes/Twine_Development_2289A484.png,,
EKO,Video,Game,https://studioapp.helloeko.com ,Create interactive narrative videos. Fab!,http://tomsmith.webfactional.com/notes/Creativity_Book_-_UNFINISHED_-_Google_Docs_228AB353.png,,
Medium,Story,Writing,https://medium.com  ,Write long form articles.,http://tomsmith.webfactional.com/notes/Medium__a_place_to_read_and_write_big_ideas_and_important_stories_2289A4B9.png,,
Tilda,Story,Writing,https://tilda.cc ,Create a stylish web site for free.,http://tomsmith.webfactional.com/notes/Website_templates_on_Tilda_Publishing_2289A4EA.png,,
StoryForm,Story,Writing,https://storyform.co,Create modern long form media based articles,http://tomsmith.webfactional.com/notes/Templates___Storyform_2289A54F.png,,
KnightLab Timeline,Story,Writing,http://timeline.knightlab.com/,Create timelines,http://tomsmith.webfactional.com/notes/Timeline_2289A58B.png,,
Knightlab Map,Maps,Story,https://storymap.knightlab.com/,Create stories that refer to a map or place.,http://tomsmith.webfactional.com/notes/StoryMapJS_2289A5B2.png,,
SoundCite,Audio,Story,http://soundcite.knightlab.com/,Create stories with audio fragments. Great for music analysis.,http://tomsmith.webfactional.com/notes/Soundcite_2289A5CA.png,,
Scene,VR,Story,https://scene.knightlab.com/,Create VR stories,http://tomsmith.webfactional.com/notes/Scene_VR_2289A5E6.png,,
Juxtapose,Image,Story,https://juxtapose.knightlab.com/,Create stories that compare maps.,http://tomsmith.webfactional.com/notes/JuxtaposeJS_2289A610.png,,
StoryWriter,Story,Screenplay,https://storywriter.amazon.com/dashboard,Write a screenplay.,http://tomsmith.webfactional.com/notes/Amazon_Storywriter_-_Chrome_Web_Store_2289A65F.png,,
Wix,Website,Editing,https://www.wix.com/explore/websites,Create a stylish web site for free.,http://tomsmith.webfactional.com/notes/Explore_Wix_Website_Examples___Web_Design_Inspiration___Wix_com_2289A683.png,,
Weebly,Website,Editing,https://www.weebly.com/uk/websites ,Create a stylish web site for free.,http://tomsmith.webfactional.com/notes/Create_a_Website_with_Weebly_s_Powerful_Website_Builder_2289A6A2.png,,
Google Sites,Website,Editing,https://sites.google.com/new,"Create a web site for free, that integrates with other Google content like Google Drive folders for example.",http://tomsmith.webfactional.com/notes/Google_Sites_2289A6CC.png,,
Silex,Website,Editing,https://www.silex.me/,Create a stylish web site for free.,http://tomsmith.webfactional.com/notes/Design_free_websites_with_Silex_-_Silex_Home_2289A705.png,,
Boords,Story,Storyboard,https://boords.com/,Boords is the collaborative online storyboard creator.,http://tomsmith.webfactional.com/notes/Example_Storyboard_路_Boords_2289A736.png,,
StripGenerator,Cartoon,Creation,http://stripgenerator.com/strip/create/,Create a comic from stock images,http://tomsmith.webfactional.com/notes/Stripgenerator_com_-_Comic_Creating_Community_2289A75C.png,,
MakeBeliefs,Cartoon,Creation,https://www.makebeliefscomix.com/Comix/,Create a comic from stock images,http://tomsmith.webfactional.com/notes/Make_Beliefs_Comix_2289A7B2.png,,
What3Words,Maps,Toy,https://what3words.com/ ,"Define a place with ""just three words"". Like Google Maps but poetic.",http://tomsmith.webfactional.com/notes/what3words___Addressing_the_world_2289A7E0.png,,
Lines,Maps,Toy,https://lines.chromeexperiments.com/ ,Find places based on what you draw,http://tomsmith.webfactional.com/notes/Land_Lines_-_Chrome_Experiments_2289A96C.png,,
OpenProcessing,Code,Editing,https://www.openprocessing.org/browse/# ,See fab visualisations and animations and begin hacking them.,http://tomsmith.webfactional.com/notes/Browse_Sketches_-_OpenProcessing_2289A939.png,,
Coggle MindMaps,Mindmaps,Image,https://coggle.it,Create Mind Maps,http://tomsmith.webfactional.com/notes/Narrative_Tools_2289A99B.png,,
Vectorizer,Image,Vector,https://www.vectorizer.io/,Photo to SVG,http://tomsmith.webfactional.com/notes/Online_Image_Vectorizer_2289A9BE.png,,
PicSVG,Image,Vector,https://picsvg.com/,Photo to SVG,http://tomsmith.webfactional.com/notes/Free_SVG_Converter_2289A9EF.png,,
PngToSVG,Image,Vector,https://www.pngtosvg.com/ ,PNG to SVG,http://tomsmith.webfactional.com/notes/PNG_or_JPG_to_SVG_-_88_139_Images_Converted_Last_Month_2289AA09.png,,
Gravit Designer,Image,Vector,https://www.designer.io/,Vector and drawing editor,http://tomsmith.webfactional.com/notes/Online_Vector_Graphic_Design_App___Icon_Image_Editor_-_Gravit_Designer_2289AA25.png,,
YouiDraw Drawing,Image,Vector,https://site.youidraw.com/drawing.html,Fab drawing tool,http://tomsmith.webfactional.com/notes/YouiDraw_Drawing__Online_Graphic_Design_and_TwistedWave_Online_Audio_Editor_2289AA57.png,,
YouiDraw Logo Creator,ImageLogo,Vector,https://site.youidraw.com/logo-creator.html,Fab logo creation tool,http://tomsmith.webfactional.com/notes/YouiDraw_Logo_Creator__Online_Logo_Maker_2289AA8B.png,,
YouiDraw Painter,Image,Editing,https://site.youidraw.com/painter.html,Painting tool with some interesting brushes,http://tomsmith.webfactional.com/notes/YouiDraw_Painter__Painting_Tools_online__2289AAD4.png,,
Rasterbator,Image,Tool,https://rasterbator.net/ ,Turn images into large printable posters,http://tomsmith.webfactional.com/notes/Wall_art_generator_-_Rasterbator_2289AAFD.png,,
Noun Project,Logo,Vector,https://thenounproject.com,Vector resources for logos and designs,http://tomsmith.webfactional.com/notes/Noun_Project_-_Icons_for_Everything_2289AB32.png,,
FlatIcons,Logo,Resources,https://www.flaticon.com,Vector resources for logos and designs,http://tomsmith.webfactional.com/notes/Search_results_for_Leaf_-_Flaticon_and_TwistedWave_Online_Audio_Editor_2289AB57.png,,
Penzu,Story,Writing,https://penzu.com/,"Private Diary or Reflective Journal. Emails a useful ""nag"" message every day, which can be a useful reminder.",http://tomsmith.webfactional.com/notes/Write_In_Private__Free_Online_Diary_And_Personal_Journal___Penzu_2289ABA4.png,,
CalmlyWriter,Story,Writing,https://www.calmlywriter.com/online/,Minimalist distraction free text editor,http://tomsmith.webfactional.com/notes/Calmly_Writer_Online_2289ABCF.png,,
Adobe ColorWheel,Colour,Tool,https://color.adobe.com/create ,A tool to help you to choose a colour scheme,http://tomsmith.webfactional.com/notes/Color_2289AC4C.png,,
ColorDot,Colour,Tool,https://color.hailpixel.com ,A tool to help you to choose a colour scheme,http://tomsmith.webfactional.com/notes/Colordot_-_A_color_picker_for_humans_2289AC76.png,,
Pizap,Image,Editing,https://www.pizap.com/pizap-editor/index.html,Really interesting image editor,http://tomsmith.webfactional.com/notes/piZap_-_free_online_photo_editor_-_fun_photo_effects_editor_2289ACB6.png,,
Ribbet,Image,Editing,https://www.ribbet.com/app/?edit_photo,Great image editor,http://tomsmith.webfactional.com/notes/https___www_ribbet_com_app__edit_photo_2289AD13.png,,
Photopea,Image,Editing,https://www.photopea.com/,"Exactly like Photoshop of old, but in the browser.",http://tomsmith.webfactional.com/notes/Photopea___Online_Image_Editor_and_TwistedWave_Online_Audio_Editor_2289AD5B.png,,
ImageResizer,Image,Tools,https://promo.com/tools/image-resizer/,Resizes image into multiple formats for social media.,http://tomsmith.webfactional.com/notes/Free_Image_Resizer___Resize_Your_Images_for_Social_Media___Promo_2289AD7C.png,,
PoemPortraits,Poetry,Toys,https://artsexperiments.withgoogle.com/poemportraits ,Art project that generates a poem and image for you.,http://tomsmith.webfactional.com/notes/Poem_Portraits_2289ADE0.png,,
RandomWordGenerator,Writing,Toys,https://randomwordgenerator.com/ ,Generate random words to use as a creative prompts,http://tomsmith.webfactional.com/notes/Random_Word_Generator_2289AE08.png,,
SilkDrawing,Image,Toys,http://weavesilk.com/,Paint strange images,http://tomsmith.webfactional.com/notes/Silk__Interactive_Generative_Art_2289AE39.png,,
Bomomo,Image,Toys,http://bomomo.com/,Unusual paint tool.,http://tomsmith.webfactional.com/notes/bomomo_2289AE61.png,,
PianoGenie,Audio,Toys,http://piano-genie.glitch.me/,AI makes whatever keys you tap sound good (based on music it knows about),http://tomsmith.webfactional.com/notes/Piano_Genie_2289AEB4.png,,
ImageToMusic,Audio,Toy,https://melobytes.com/app/image2music,Turn an image into an audio file. What does a picture sound like?,http://tomsmith.webfactional.com/notes/Image___Video_to_Music__Melobytes_com__2289AEDE.png,,
GuitarMachine,Audio,Toy,http://www.guitarmachine.noisegames.com/,Guitar riffs to mix n match,http://tomsmith.webfactional.com/notes/guitarmachine_noisegames_com__2289AEFC.png,,
PixelSynth,Audio,Toy,https://ojack.github.io/PIXELSYNTH/ ,Image into audio,http://tomsmith.webfactional.com/notes/_____PIXELSYNTH_______2289AF20.png,,
Online Sequencer,Audio,Midi,https://onlinesequencer.net/,Work with midi files online,http://tomsmith.webfactional.com/notes/Online_Sequencer___Pokemon_Gold_Version_Pokemon_Silver_Version_-_Battle_Trainer_BattleJohto_Version_mid___532455__2289AF4F.png,,
Patatap,Audio,Toy,https://www.patatap.com/,Type an music and visuals just happen. ,http://tomsmith.webfactional.com/notes/patatap_-_Google_Search_2289AF99.png,,
Typatone,Audio,Toy,https://typatone.com/,Type and your words become notes,http://tomsmith.webfactional.com/notes/Typatone__2289AFD9.png,,
WebcamToy,Image,Toy,https://webcamtoy.com/,Turns your webcam into an effects booth.,http://tomsmith.webfactional.com/notes/Webcam_Toy_2289B001.png,,
NeonDrawing,Image,Toy,https://29a.ch/sandbox/2011/neonflames/#,Neon drawing. A bit slow.,http://tomsmith.webfactional.com/notes/Neonflames_-_29a_ch_2289B091.png,,
Glitch2,Image,Glitch,http://akx.github.io/glitch2/,Create GIFs and strange effects,http://tomsmith.webfactional.com/notes/glitchgif-1560260807831.gif,,
MyOats,Image,Toy,https://www.myoats.com/create.aspx?,Draw kaleidoscopes,http://tomsmith.webfactional.com/notes/Myoats_-_Create_Something__2289B105.png,,
Witeboard,Diagram,Editing,https://witeboard.com,"A nice ""infinite"" whiteboarding tool",http://tomsmith.webfactional.com/notes/Witeboard_and_TwistedWave_Online_Audio_Editor_2289B13B.png,,
VideoScribe,Video,Generation,https://www.videoscribe.co/en/,"Build ""hand drawn"" animations",http://tomsmith.webfactional.com/notes/VideoScribe_-_Home_2289B15F.png,,
Prezi,Presentation,Editing,https://prezi.com/,Zooming presentations,http://tomsmith.webfactional.com/notes/Presentation_Software___Online_Presentation_Tools___Prezi_2289B186.png,,
Landscape,Image,Generation,https://sproutsocial.com/landscape,Image resizing for social media,http://tomsmith.webfactional.com/notes/Social_Media_Image_Resizing_Tool___Landscape_by_Sprout_Social_2289B1A6.png,,
Adobe Spark,Story,Editing,https://spark.adobe.com/sp/design/page/new,Create beautiful web pages.,http://tomsmith.webfactional.com/notes/Make_Images__Videos_and_Web_Stories_for_Free_in_Minutes___Adobe_Spark_22A0288E.png,,
Adobe Spark Video,Video,Editing,https://spark.adobe.com/about/video,Quickly create fun videos,http://tomsmith.webfactional.com/notes/Free_Mobile_and_Online_Video_Maker__Adobe_Spark_Video_2289B20A.png,,
Clipchamp,Video,Editing,https://app.clipchamp.com/editor,Quite advanced video editing,http://tomsmith.webfactional.com/notes/Clipchamp_Create_2289B230.png,,
Kizoa,Video,Editing,https://www.kizoa.com,Super simple video editing,http://tomsmith.webfactional.com/notes/Movie_Maker_-_Video_Maker_-_Slideshow_Maker___Kizoa_2289B263.png,,
Dabblet,Coding,CSS,http://dabblet.com/,Live hacking of CSS code. Greate for learning.,http://tomsmith.webfactional.com/notes/The_first_commented_line_is_your_dabblets_title__dabblet_com_2289B283.png,,
CSSDesk,Coding,CSS,http://www.cssdesk.com/,Live hacking of CSS code. Greate for learning.,http://tomsmith.webfactional.com/notes/CSSDesk_-_Online_CSS_Sandbox_and_TwistedWave_Online_Audio_Editor_2289B2BF.png,,
JSFiddle,Coding,Web,https://jsfiddle.net/,Live hacking of HTML/CSS/Javascript,http://tomsmith.webfactional.com/notes/Create_a_new_fiddle_-_JSFiddle_2289B2DA.png,,
Refiddle,Coding,Regular Expressions,http://refiddle.com/,Learn how Regexs work,http://tomsmith.webfactional.com/notes/New_Fiddle_2289B2F5.png,,
Liveweave,Coding,Web,https://liveweave.com/,"Like JSFiddle, great for learning HTML/CSS/JS",http://tomsmith.webfactional.com/notes/HTML__CSS_and_JavaScript_demo_-_Liveweave_and_TwistedWave_Online_Audio_Editor_2289B318.png,,
ReplIt,Coding,,https://repl.it,Online coding in various languages and environments,http://tomsmith.webfactional.com/notes/Repl_it_-_Repls_2289B35F.png,,
VidCode,Coding,Learn,https://www.vidcode.com,A site to learn how to code,http://tomsmith.webfactional.com/notes/Vidcode_Gallery_2289B38F.png,,
MIT AppInventor,Coding,Visual,http://ai2.appinventor.mit.edu/,"Create mobile apps using ""block-coding""",http://tomsmith.webfactional.com/notes/MIT_App_Inventor_2289B3C6.png,,
Thunkable,Coding,Visual,https://thunkable.com/#/,"Create mobile apps using ""block-coding""",http://tomsmith.webfactional.com/notes/Thunkable_and_TwistedWave_Online_Audio_Editor_2289B405.png,,
Grammarly,Writing,Editing,https://www.grammarly.com,Get help with your grammar skills,http://tomsmith.webfactional.com/notes/Demo_document_2289B440.png,,
Magisto,Video,Generation,https://www.magisto.com,Create videos from images easily,http://tomsmith.webfactional.com/notes/Magisto___Get_Fit_2289B471.png,,
Mr Data,Coding,Conversion,http://shancarter.github.io/mr-data-converter/,Convert tabular data (.csv) into json,http://tomsmith.webfactional.com/notes/Mr__Data_Converter_2289B494.png,,
Regexer,Coding,Regular Expressions,https://regexr.com/,LIve editing of regular expressions. ,http://tomsmith.webfactional.com/notes/RegExr__Learn__Build____Test_RegEx_2289B4BB.png,,
Rawgraphs,Visualisation,Data,http://app.rawgraphs.io/ ,Copy .csv data and play with visualisation possibilities.,http://tomsmith.webfactional.com/notes/Gallery_projects__RAWGraphs_2289B4E0.png,,
Charticulator,Visualisation,Data,https://charticulator.com/,Fantastic data-driven drawing and visualisation tool. For when you want to extract data from unstructured text.,http://tomsmith.webfactional.com/notes/Gallery___Charticulator_2289B500.png,,
Google Data Studio,Visualisation,Data,https://datastudio.google.com,Connect to your data source and create an interactive dashboard visualiation,http://tomsmith.webfactional.com/notes/Teaching_Responsibilities__Teaching_Responsibilities_across_all_groups_2289B525.png,,
Google Tour Builder,Maps,3D,https://tourbuilder.withgoogle.com,Create tours around Google VR spaces,http://tomsmith.webfactional.com/notes/Tour_Builder_2289B547.png,,
Blockly Games,Coding,Learn,https://blockly-games.appspot.com/?lang=en,Visual coding lessons,http://tomsmith.webfactional.com/notes/Blockly_Games_2289B564.png,,
TakeThreeNouns,Writing,Prompt,http://writingexercises.co.uk/take-three-nouns.php,Creative writing prompt tools,http://tomsmith.webfactional.com/notes/Take_Three_Nouns_Writing_Prompt_2289B57D.png,,
PoemGenerator,Writing,Prompt,https://www.poem-generator.org.uk/,Creative writing prompt tools,http://tomsmith.webfactional.com/notes/Poem_Generator_2289B59F.png,,
Character Generator,Writing,Prompt,https://www.character-generator.org.uk/quick/,"Creates characters, with characteristics you may use somehow.",http://tomsmith.webfactional.com/notes/Quick_Character_Profile_Generator_2289BC53.png,,
RhymeBrain,Writing,Rhyming,https://rhymebrain.com,Ryming tool.,http://tomsmith.webfactional.com/notes/RhymeBrain_Rhyming_Dictionary__Easy_to_read_on_your_phone__2289B63E.png,,
Word Mover,Writing,Found poetry creator,http://www.readwritethink.org/files/resources/interactives/Word_Mover/,Found poetry like you'd made on a fridge.,http://tomsmith.webfactional.com/notes/WordMover_2289B65F.png,,
Canva,Design,Image,https://www.canva.com/,Fabulous design tool.,http://tomsmith.webfactional.com/notes/Home_-_Canva_2289B67B.png,,
Accessible Brand Colors,Colour,Tool,https://abc.useallfive.com/,Is your colour scheme accessible?,http://tomsmith.webfactional.com/notes/Accessible_Brand_Colors_by_Use_All_Five_2289B6C3.png,,
Flare,Animation,,https://rive.app/,Animation tool,http://tomsmith.webfactional.com/notes/2D_-_Flare_by_2Dimensions__Bring_your_apps_and_games_to_life_with_real-time_animation__2289B6E5.png,,
Idea Lottery,Writing,Ideation,http://www.ideachampions.com/cgi-bin/idea_lottery.pl,Creative prompt tool.,http://tomsmith.webfactional.com/notes/Idea_Champions_2289B704.png,,
Depthy,Image,Editing,http://depthy.me,Add depth effects to any image,http://tomsmith.webfactional.com/notes/DEPTHY_2289B724.png,,
Der Bunt,Colour,Tool,https://codepen.io/meodai/full/KagxwW,Colour theme tool,http://tomsmith.webfactional.com/notes/Der_Bunt__Color_Harmonies__Alpha_1_1__2289B744.png,,
Ambient Mixer,Audio,Generation,https://www.ambient-mixer.com/,Create background soundscapes,http://tomsmith.webfactional.com/notes/Listen_and_create_ambient_sounds_easily_2289B776.png,,
Autodraw,Image,Generation,https://www.autodraw.com/,Strange drawing suggestion tool,http://tomsmith.webfactional.com/notes/AutoDraw_and_TwistedWave_Online_Audio_Editor_2289B792.png,,
Kleki,Image,Editing,http://kleki.com/,Nice drawing and painting tool,http://tomsmith.webfactional.com/notes/Kleki_-_Painting_Canvas_2289B7CB.png,,
Webmaker App,Coding,HTML/CSS/JS,https://webmaker.app/app/,Online live playground,http://tomsmith.webfactional.com/notes/Web_Maker_and_TwistedWave_Online_Audio_Editor_2289B7EA.png,,
P5Live,Coding,Processing,https://teddavis.org/p5live/,Live code P5.js code,http://tomsmith.webfactional.com/notes/P5LIVE_2289B808.png,,
TinkerCAD,3D,Editing,https://www.tinkercad.com/,Make 3D models,http://tomsmith.webfactional.com/notes/Gallery_of_Things___Tinkercad_2289B83D.png,,
Scanseqjs,Music,Toy,https://jeonghopark.github.io/scanseqjs/,Play music with your web cam,http://tomsmith.webfactional.com/notes/Scan_Sequence__2289B85F.png,,
Draw A Poem,Writing,Toy,https://editor.p5js.org/generative-design/sketches/P_2_3_3_01,"Hack this code and then ""draw your words"". ",http://tomsmith.webfactional.com/notes/p5_js_Web_Editor___P_2_3_3_01_2289B886.png,,
A Frame,VR,3D,https://aframe.io/,A web framework for building virtual reality experiences,http://tomsmith.webfactional.com/notes/A-Frame__Make_WebVR_2289B8AB.png,,
ml5js,Coding,AI,https://ml5js.org/,Machine Learning For The Web,http://tomsmith.webfactional.com/notes/ml5js_路_Friendly_Machine_Learning_For_The_Web__2289B8CD.png,,
Wekinator,Coding,AI,http://www.wekinator.org/,Machine Learning Controllers,http://tomsmith.webfactional.com/notes/Example_Projects___Wekinator_2289B8F6.png,,
SpeakYourMind,Wellbeing,Art/Writing/Toy,https://speakyourmind.squarespace.com/create,An interesting toy to make a typography based artwork about how you feel.,http://tomsmith.webfactional.com/notes/Create_Your_Own__Speak_Your_Mind_2289B947.png,,
Drawing With Sound,Music,Toy,https://creatability.withgoogle.com/sound-canvas/,Your drawing generates sounds,http://tomsmith.webfactional.com/notes/Sound_Canvas_and_TwistedWave_Online_Audio_Editor_2289B9B1.png,,
Play Music With Webcam,Music,Toy,https://creatability.withgoogle.com/sampler/,Webcam plays music,http://tomsmith.webfactional.com/notes/Sampler__2289B9D7.png,,
Musical Text,Writing,Toy,https://creatability.withgoogle.com/word-synth/,Type and make music,http://tomsmith.webfactional.com/notes/Word_Synth_2289B9F3.png,,
Keyboard Cam,Music,Webcam,https://creatability.withgoogle.com/keyboard/,A keyboard you can play with your face,http://tomsmith.webfactional.com/notes/Keyboard_2289BA15.png,,
Turtle Toy,Coding,Javascript,https://turtletoy.net/turtle/browse/newest/180,Make arty visualisations and learn Javascript at the same time.,http://tomsmith.webfactional.com/notes/Latest_contributions___Turtletoy_and_TwistedWave_Online_Audio_Editor_2289B990.png,,
Glitch Visualizer,Music,Visualisation,https://uberviz.io/viz/word-problems/,Drop .mp3s onto this and enjoy,http://tomsmith.webfactional.com/notes/UberViz__2289B96B.png,,
Thunkable,Coding,Visual,https://thunkable.com/,Make mobile apps using visual block coding,http://tomsmith.webfactional.com/notes/SOSgram_-_Save_lives_chatting_-__SuccessfullyTHUNK_d_-_Thunkable_Community_2289CEC8.png,,
Remove Background,Image,Editing,https://www.remove.bg/,Quickly remove an image's background,http://tomsmith.webfactional.com/notes/Remove_Background_from_Image__remove_bg_2289F517.png,,
Deep Art,Image,AI,https://deepart.io/,Use AI to enhance and alter images,http://tomsmith.webfactional.com/notes/deepart_io_-_become_a_digital_artist_2289F567.png,,
Background Burner,Image,Editing,https://burner.bonanza.com/,Remove backgrounds from images online,http://tomsmith.webfactional.com/notes/Remove_Image_Backgrounds_Free___Fast_-_Background_Burner_2289F5CB.png,,
CoolBackgrounds,Image,Resources,https://coolbackgrounds.io/ ,Generates a variety of nice background textures,http://tomsmith.webfactional.com/notes/Cool_Backgrounds_228A0A84.png,,
Ml5js,Coding,Machine Learning,https://ml5js.org/,Friendly Machine Learning library for Javascript,http://tomsmith.webfactional.com/notes/ml5js_路_Friendly_Machine_Learning_For_The_Web__228A09CA.png,,
FontStruct,Font,Editing,https://fontstruct.com/,Create your own fonts,http://tomsmith.webfactional.com/notes/FontStruct___Build__Share__Download_Fonts_228AB30D.png,,
OnSequel,Bot,Creating,https://www.onsequel.com/,Create bots,http://tomsmith.webfactional.com/notes/Sequel__bot_platform_for_messengers_228AB60D.png,,
RunDexter,Bot,Creating,https://rundexter.com/,Create bots,http://tomsmith.webfactional.com/notes/Dexter_is_the_platform_to_write__test__and_launch_automated_conversations__228AB697.png,,
Deep Art,Image,Effects,https://deepart.io/,AI alters your images based on what it knows about other styles.,http://tomsmith.webfactional.com/notes/deepart_io_-_become_a_digital_artist_228AC01C.png,,
ScribbleMaps,Maps,Editing,https://www.scribblemaps.com/,Easily create your own maps with scribbles on,http://tomsmith.webfactional.com/notes/Draw_On_Maps_and_Make_Them_Easily__228ABFD4.png,,
StoryboardThat,Cartoon,Story,https://www.storyboardthat.com/storyboard-creator,Create your own cartoons,http://tomsmith.webfactional.com/notes/5_Creative_Digital_Tools_That_Bring_Visuals_and_Writing_Together_228AC5AC.png,,
Tiki-Toki,Story,Data,https://www.tiki-toki.com/,Create timelines,http://tomsmith.webfactional.com/notes/Tiki-Toki_Timeline_Maker__Beautiful_web-based_timeline_software_228ACFBB.png,,
oTranscribe,Writing,Tool,https://otranscribe.com/,"This tool doesn't do it for you, but helps you make it easier to transcribe a video by hand.",http://tomsmith.webfactional.com/notes/oTranscribe_228AD390.png,,
Google My Maps,Maps,Creation,https://www.google.com/intl/nl_nl/maps/about/mymaps/,Make and annotate your own maps,http://tomsmith.webfactional.com/notes/My_Maps_-_About_-_Google_Maps_228AD463.png,,
Glitch,Coding,Hosting,https://glitch.com/,"Fork, hack and host your projects. Learn from other people's code",http://tomsmith.webfactional.com/notes/Glitch_228AD5B0.png,,
Plotoverse,Animation,,https://plotaverse.com,A tool to create animations with motion. Limited trial,http://tomsmith.webfactional.com/notes/PLOTAGRAPH庐_PRO_228ADADA.png,,
Computorse,Audio,Music,http://computoser.com/,,http://tomsmith.webfactional.com/notes/Computoser_-_unique__computer-generated_music_228AF116.png,,
Carrd,Website,Writing,https://carrd.co/,Create a simple one page site,http://tomsmith.webfactional.com/notes/Carrd_-_Simple__free__fully_responsive_one-page_sites_for_pretty_much_anything_229294EC.png,,
Stringingly,Website,Writing,https://www.strikingly.com/,Create a stunning site for free.,http://tomsmith.webfactional.com/notes/Strikingly_and_MightyText_229295C0.png,,
Shader Frong,Coding,Visual,https://shaderfrog.com/app/,"Create complex GLSL special effects shaders, without coding.",http://tomsmith.webfactional.com/notes/Browse_-_ShaderFrog_com_2292DC2F.png,,
ModSynth,Audio,Toy,http://mod-synth.io/,,http://tomsmith.webfactional.com/notes/MOD_Synth_2292E7EC.png,,
ReCollection,Audio,History,http://because-recollection.com/metronomy,Explore 10 years of sound in the most bizarre way,http://tomsmith.webfactional.com/notes/Because_Recollection___2292E859.png,,
Pictopic,Writing,Toy,http://www.pictooptic.com/,"Choose a word, and play. Very strange.",http://tomsmith.webfactional.com/notes/Pictooptic_2292EBF8.png,,
Wheel Of Names,Toy,Fun,https://wheelofnames.com/,Make your own spin-o-meter,http://tomsmith.webfactional.com/notes/Wheel_of_Names___Random_Name_Picker_2296AFA1.png,,
Intelloware,Image,Drawing,http://intelloware.com/art/#,Unusual paint tool.,http://tomsmith.webfactional.com/notes/InspirARTion_-_Sketch___Draw__229B1535.png,,
Sketchpad,Image,Drawing,https://sketch.io/sketchpad/,"Really interesting painting tool, with calligraphy",http://tomsmith.webfactional.com/notes/Sketchpad_5_1_-_Draw__Create__Share__and_tomsmith_229B1A0A.png,,
Muro,Image,Drawing,https://muro.deviantart.com/,Lots of interesting brushes,http://tomsmith.webfactional.com/notes/DeviantArt_muro_229B1C63.png,,
Janvas ,Image,Vector,https://www.janvas.com/,Diagram editor,http://tomsmith.webfactional.com/notes/https___www_janvas_com_v6_1_janvas_app_6_1_public_index_html_229B20AD.png,,
Vecta,Image,Vector,https://vecta.io/,Diagram and SVG editor,http://tomsmith.webfactional.com/notes/Untitled_drawing_-_Vecta_229B2398.png,,
Figma,Image,Vector,https://www.figma.com,Fabulous vector drawing and prototyping tool,http://tomsmith.webfactional.com/notes/Recent_Files__Figma_229D24C3.png,,
Vecteezy,Image,Vector,https://www.vecteezy.com/,"Fabulous, easy to use vector drawing tool",http://tomsmith.webfactional.com/notes/Download_Free_Vectors__Clip_Art_Designs__Vector_Images___Icons_229D277B.png,,
Vocaroo,Audio,Hosting,https://vocaroo.com,Easy way to record or host audio,http://tomsmith.webfactional.com/notes/Vocaroo___Online_voice_recorder_229D29EE.png,,
Awww Board,Image,Whiteboard,https://awwapp.com/,Start drawing with other people on the same whiteboard,http://tomsmith.webfactional.com/notes/AWW_App___Online_Whiteboard_for_Realtime_Visual_Collaboration_229D2BA3.png,,
Route Shuffle,Maps,Physical,http://routeshuffle.glitch.me/,Interesting map tool that generates new routes for your run or walk,http://tomsmith.webfactional.com/notes/Routeshuffle_229D4D87.png,,
Pixel Thoughts,Wellbeing,Toy,http://www.pixelthoughts.co/,What's bothering you? Relax it away...,http://tomsmith.webfactional.com/notes/A_60-second_meditation_tool_to_help_clear_your_mind_229D4E2C.png,,
Dictation,Writing,Speech,https://dictation.io/speech,Easy online dictation. Speech to text,http://tomsmith.webfactional.com/notes/Voice_Notepad_-_Speech_to_Text_with_Google_Speech_Recognition_229D52F2.png,,
Flipsnack,Writing,Zine,https://www.flipsnack.com/,Zine or magazine creation tool,http://tomsmith.webfactional.com/notes/PDF_to_HTML5_page_flip_-_flipbook_software_-_Flipsnack_229D55A0.png,,
Midi City,Audio ,Toy,https://midi.city/,Play some cool sounds with your computer keyboard,http://tomsmith.webfactional.com/notes/midi_city_-_online_synth_instrument_229D5B42.png,,
Bear Audio Tool,Audio,Midi,https://www.bearaudiotool.com/mp3-to-midi,Convert mp3 file to midi,http://tomsmith.webfactional.com/notes/MP3_to_MIDI_--_Bear_Audio_online_tool_229D5D72.png,,
Blockposters,Image,Tool,https://www.blockposters.com,Create PDF posters for printing from your image.,http://tomsmith.webfactional.com/notes/Make_your_own_posters_at_home_for_free__-_Block_Posters_229D3349.png,,
Phrase It,Image,Toy,https://phraseit.net/,Create speech bubbles,http://tomsmith.webfactional.com/notes/phrase_it_229D34D3.png,,
Infogram,Visualisation,Data,https://infogram.com,Quickly adapt infograph templates to fit your data,http://tomsmith.webfactional.com/notes/Background_and_Timeline_Dark_-_Infogram_229D641B.png,,
Datawrapper,Maps,Visualisation,https://app.datawrapper.de/,Quickly create and annotate various types of maps,http://tomsmith.webfactional.com/notes/__Insert_title_here___-_ViJos_-_Annotate___Datawrapper_229D64A9.png,,
Write A Joke,Writing ,Prompt,http://www.writeajoke.com,Not sure I get this but I used it to give me random idioms,http://tomsmith.webfactional.com/notes/Write_a_Joke_229D699C.png,,
A Billion Songs,Writing,Prompt,http://billion.dev.losttech.software:2095/top,Song lyric generator,http://tomsmith.webfactional.com/notes/Top_10_songs_-_Billion_Songs_229D6A48.png,,
Cut Up Machine,Writing,Prompt,http://www.languageisavirus.com/cutupmachine.php#.XO1IH5NKjRY,Enter text and it scrambles it up,http://tomsmith.webfactional.com/notes/Cut-Up_Machine_229D7FD2.png,,
Text Mixing Desk,Writing,Prompt,http://www.lazaruscorporation.co.uk/cutup/text-mixing-desk,Enter text and it scrambles it up,http://tomsmith.webfactional.com/notes/The_Lazarus_Corporation_Text_Mixing_Desk_-_a_Cut-up_Generator_229D809C.png,,
SoundTrap,Audio,Midi,https://www.soundtrap.com,Full audio midi workstation,http://tomsmith.webfactional.com/notes/Tom_s_song__4_-_Soundtrap_229D9035.png,,
Instaudio,Audio,Hosting,https://instaud.io/,Upload your mp3s to share,http://tomsmith.webfactional.com/notes/Instaudio_-_Share_your_audio_quickly_229D92B2.png,,
FreeOnlineOCR,Writing,Image,https://www.newocr.com/,"Upload a picture of text, and get the text out.",http://tomsmith.webfactional.com/notes/Free_Online_OCR_-_Convert_JPEG__PNG__GIF__BMP__TIFF__PDF__DjVu_to_Text_229D9906.png,,
Online OCR,Writing,Image,https://www.onlineocr.net/,"Upload a picture of text, and get the text out.",http://tomsmith.webfactional.com/notes/Free_Online_OCR_-_convert_PDF_to_Word__Images_to_text__JPEG_to_Word_229D995A.png,,
Glitchatron,Image,Glitch,http://www.errozero.co.uk/glitchatron/#,,http://tomsmith.webfactional.com/notes/GLITCHATRON_-_Image_Destroyer_229D9AD9.png,,
JPEG to WAV,Audio,Glitch,https://azopcorp.com/j2w,One of the stranger glitching tools...,http://tomsmith.webfactional.com/notes/AZOPCORP_COM____mite__229D9CED.png,,
YouTube Filter,Video,Glitch,http://animalswithinanimals.com/generator/youtubefilter.html,Enter a Youtube URL and play with the sliders...,http://tomsmith.webfactional.com/notes/HTML5_youtube_filter_by_stAllio___229DA0E4.png,,
Voice Changer,Audio,Toy,https://voicechanger.io/,Chipmunk or Dalek?,http://tomsmith.webfactional.com/notes/Voice_Changer_-_Online___Free_229DA164.png,,
Osmosis Drone Generator,Audio,Wellbeing,https://mynoise.net/NoiseMachines/osmosisDroneGenerator.php,Create pleasant background sounds,http://tomsmith.webfactional.com/notes/Osmosis__Relaxing_Sound_Generator__229DBA89.png,,
Defonic,Audio,Wellbeing,https://defonic.com/,Create immersive soundscapes,http://tomsmith.webfactional.com/notes/Defonic___A_fabulous_ambient_noise_generator__229DBB77.png,,
Noises Online,Audio,Wellbeing,https://noises.online/,"Create immersive soundscapes, free wav download",http://tomsmith.webfactional.com/notes/Online_Background_Noises__Relaxing_Sounds__Noise_Masking__229DBD38.png,,
Probe Audio Tool,Audio,Editing,https://probe.audiotool.com/,Edit wavs etc.,http://tomsmith.webfactional.com/notes/Probe_-_Free_Online_Audio_Sample_Editor_Right_In_Your_Browser_by_Audiotool__229DBE03.png,,
Headliner,Video,Story,https://www.headliner.app/,Really interesting online video maker. I made one from an article I'd written.,http://tomsmith.webfactional.com/notes/Headliner_229E884F.png,,
Renderforest,Video,Animation,https://www.renderforest.com/,"Create animated explainer videos, animations and more easily. I made this movie ident in a few seconds https://www.youtube.com/watch?v=DY_W4hI3vvA&feature=youtu.be",http://tomsmith.webfactional.com/notes/Explainer_Video_Toolkit_229E88AA.png,1,
Animaker,Video,Animation,https://www.animaker.com,"Create animated explainer videos, whiteboard videos and dynamic typography videos.",http://tomsmith.webfactional.com/notes/untitled_project_229E8AEB.png,,
Motionden,Video,Typography,https://motionden.com,Create animated typography videos,http://tomsmith.webfactional.com/notes/Background_and_MotionDen_Editor_229E9542.png,,
WolframTones,Audio,AI,http://tones.wolfram.com,Generates music from parameters,http://tomsmith.webfactional.com/notes/WolframTones_229FEC6C.png,,
Noisli,Audio,Ambient,https://www.noisli.com/,Generates ambient sounds for work and relaxation,http://tomsmith.webfactional.com/notes/Noisli_-_Improve_Focus_and_Boost_Productivity_with_Background_Noise__229FF06A.png,,
Girl Talk In A Box,Audio,Toy,http://girltalkinabox.playlistmachinery.com,This strange tool lets you load and control a music track,http://tomsmith.webfactional.com/notes/Girl_Talk_in_a_Box_for_Smells_Like_Teen_Spirit_by_Nirvana__229FFD3F.png,,
Reedsy,Writing,Prompt,https://blog.reedsy.com/creative-writing-prompts/,Thousands of writing prompts. Try one.,http://tomsmith.webfactional.com/notes/500__Creative_Writing_Prompts_To_Inspire_You_Right_Now_22A01EF8.png,,
Lumen5,Video,Writing,https://lumen5.com,Turns your web pages or articles into video. Amazing,http://tomsmith.webfactional.com/notes/Create_a_Video___Lumen5_22A02191.png,,
Hypothesis,Annotation,Writing,https://web.hypothes.is/,"Annotate the web, share your findings.",http://tomsmith.webfactional.com/notes/Hypothesis__The_Internet__peer_reviewed__22A02A94.png,,
Portent Idea Generator,Writing,Prompt,https://www.portent.com/tools,Helps you create clickbait titles,http://tomsmith.webfactional.com/notes/Portent_s_Content_Idea_Generator_-_Instant_Blog_Topic_Inspiration_22A02CA2.png,,
Ilys,Writing,Prompt,https://www.ilys.com,"Unusual word counting ""make you write"" app. ",http://tomsmith.webfactional.com/notes/ilys_2379A579.png,,
Power Thesaurus,Writing ,Prompt,https://www.powerthesaurus.org,A very lovely thesaurus. Go try it.,http://tomsmith.webfactional.com/notes/4_Disappointment_definitions_-_disappointment_meaning___example_sentences_22A02E04.png,,
EasyPrompter,Writing,Video,https://www.easyprompter.com,"If you are speaking to camera, this may help.",http://tomsmith.webfactional.com/notes/EasyPrompter_22A04E34.png,,
Auto Complete Tune,Audio,AI,https://codepen.io/teropa/full/gvwwZL/,"Play the piano, hold down a note, it extends your melody",http://tomsmith.webfactional.com/notes/Neural_Melody_Autocompletion_22A0964D.png,,
Latent Cycles,Audio,Generative,https://codepen.io/teropa/full/rdoPbG/,"Start the beats and beeps, let it play on.",http://tomsmith.webfactional.com/notes/Latent_Cycles__22A096D2.png,,
WebModular,Audio,Toy,https://www.g200kg.com/docs/webmodular/?p=0A1H2G3A5H80BHE1HHK2L3N6TCWIXIY4eFfC_OF00CPo000020COo00RbZVno00ZU0VIo00ZZ00o000000o000I00S000220QP0000&m=t145l16a%3Eceg%3Ec%3Cea%3Ecefec%3Ca%3Ec%3Cag,"Old skool synthesis, pulling out and plugging in wires. Interesting because you can type notes using strange notation.",http://tomsmith.webfactional.com/notes/-_WebModular___g200kg_Music___Software_22A09AD0.png,,
Radiooo,Audio,Toy,http://radiooooo.com/,"Listen to radio from different countries, from different decades.",http://tomsmith.webfactional.com/notes/Radiooooo_com_-_The_Musical_Time_Machine__22A09B7D.png,,
Google Tour Creator,VR,Maps,https://vr.google.com/tourcreator/,Create VR tours from Google Street View or 3D images.,http://tomsmith.webfactional.com/notes/Tour_Creator_and_p5_js_Web_Editor___Random_Cows_-_Vivaldi_22AA781C.png,,
Cables,Image,Visualisation,https://cables.gl,Shaders are the code that runs complex computer graphics. Cables is a visual language to create shaders.,http://tomsmith.webfactional.com/notes/Testeroo_22A2FA3C.png,,
Sound Maker,Audio,Toy,https://experiments.withgoogle.com/ai/sound-maker/view/,A keyboard that let's you create sounds halfway between a cat and a trombone,http://tomsmith.webfactional.com/notes/NSynth__Sound_Maker_22A30096.png,,
Magic Sketchpad,Image,AI,https://magic-sketchpad.glitch.me/,"Start drawing, AI finishes it",http://tomsmith.webfactional.com/notes/Magic_Sketchpad_22A300F9.png,,
Musical Algorithms,Audio,AI,http://musicalgorithms.org/3.2/#welcome,Generate midi from data,http://tomsmith.webfactional.com/notes/Music_Algorithms_22A68AB9.png,,
Faust,Audio,Coding,https://faust.grame.fr/,Fairly complex programming for Digital Signal Processing (making crazy sounds),http://tomsmith.webfactional.com/notes/Faust_Programming_Language_22A9099D.png,,
Faust Playground,Audio,Coding,https://faust.grame.fr/tools/playground/index.html,Start audio processing with a flow diagram like language in the browser. OMG! Amazing!,http://tomsmith.webfactional.com/notes/FaustPlayGround__22A9246B.png,,
FlipGrid,Video,Teaching,https://flipgrid.com/,"A teaching and discussion tool, but one with a focus on short video conversations",http://tomsmith.webfactional.com/notes/Flipgrid_-_Topic_Details_22A9AED4.png,,
p5js Editor,Coding,p5js,https://editor.p5js.org/,Online editing of Processing projects,http://tomsmith.webfactional.com/notes/p5_js_Web_Editor___Kaput_coast_22AA77CC.png,,
DataIllustrator,Visualisation,Data,http://www.data-illustrator.com/index.php,Create visualisations without coding,http://tomsmith.webfactional.com/notes/Gallery_22AAA368.png,,
Whale Synth,Audio,Toy,http://www.whalesynth.com/,Make unusual sounds,http://tomsmith.webfactional.com/notes/WhaleSynth_-_A_Unique_Musical_Experience_22AADA68.png,,
TypeDrummer,Audio ,Toy,http://typedrummer.com/0l3tdl,,http://tomsmith.webfactional.com/notes/typedrummer__22AADD61.png,,
ScribbleAudio,Audio,Toy,http://scribble.audio,,http://tomsmith.webfactional.com/notes/scribble_audio__22AADDB0.png,,
MelodyMixer,Audio,AI,https://melodymixer.withgoogle.com/ai/melody-mixer/view/,Pull two melodies apart and see what AI generates for you.,http://tomsmith.webfactional.com/notes/Melody_Mixer_22AAE43B.png,,
Write With Transformer,Writing,Story,https://transformer.huggingface.co/,Start writing and let the unicorn finish your sentences by hitting tab.,http://tomsmith.webfactional.com/notes/Write_With_Transformer_22B42C49.png,,
Poetry Generator,Writing,Story,http://michaelpaulukonis.github.io/poetrygen/jGnoetry/index.html,Poetry Generator with Markov Chains,http://tomsmith.webfactional.com/notes/jGnoetry_22B7C25E.png,,
GAUGAN,Image,AI,https://www.nvidia.com/en-us/research/ai-playground/?ncid=so-twi-nz-92489,AI drawing demo,http://tomsmith.webfactional.com/notes/18_234_114_149_22B7C7C9.png,,
Image Texter,Image,Writing,https://michaelpaulukonis.github.io/imagetexter.p5/,Make text into an image,http://tomsmith.webfactional.com/notes/imagetexter_22B7CD22.png,,
Noisify,Image,Toy,https://generated.space/sketch/noisify/,"Add an image, it ""noises"" it up.",http://tomsmith.webfactional.com/notes/Noisify_22B8E671.png,,
Doodle Place,Toy,Image,https://glitch.com/~doodle-place,A 3D world in which your doodles are automatically animated,http://tomsmith.webfactional.com/notes/doodle-place_22B8EC0B.png,,
Erasure Poetry Tool,Writing,Prompt,http://erasures.wavepoetry.com/erasures.php?sourceid=14,"Using pre-selected texts, create blackout poetry.",http://tomsmith.webfactional.com/notes/Erasures_22BA36B0.png,,
The N+7 Machine,Writing,Prompt,http://www.spoonbill.org/n+7/,Mashup your text with the N+7 method,http://tomsmith.webfactional.com/notes/N_7__generated_text_22C13F62.png,,
JSON Editor,Coding,Javascript,https://jsoneditoronline.org/,View JSON data as a tree. Very useful.,http://tomsmith.webfactional.com/notes/JSON_Editor_Online_-_view__edit_and_format_JSON_online_22C4BF12.png,,
Synaesthesia,Audio,AI,https://wheelibin.github.io/synaesthesia/LOVE,Generate fantastic drones,http://tomsmith.webfactional.com/notes/Synaesthesia__22C6826C.png,,
vGamelan,Audio,Toy,https://celanajaya.github.io/vGamelan/,Numbers generate algorithmic music.,http://tomsmith.webfactional.com/notes/vGamelan_22C68A85.png,,
Moolody,Audio ,Toy,http://keyuguo.net/MoolodyWebVersion/,,http://tomsmith.webfactional.com/notes/Moolody_22C68B4A.png,,
Word Tree,Writing,Visualisation,https://www.jasondavies.com/wordtree/?source=blowin.in.the.wind.txt&prefix=How,"Branching concordance, discover the structures in text.",http://tomsmith.webfactional.com/notes/Word_Tree_22CB849F.png,,
IdFlood,Coding,Visual,http://idflood.github.io/ThreeNodes.js/index_optimized.html#example/geometry_and_material1.json,Visual creative coding,http://tomsmith.webfactional.com/notes/ThreeNodes_js__0_2_0_22CF4FF3.png,,
Workbench,Coding,Visual,https://edu.workbencheducation.com,Visual coding of connected devices (including Google Sheets),http://tomsmith.webfactional.com/notes/Programming_22CF5709.png,,
Calligraphr,Font,Design,https://www.calligraphr.com/en/quicktest/,"Print off a template, write on it, scan it in, create your own font.",http://tomsmith.webfactional.com/notes/Calligraphr_-_Quick_Test_22CFBC6F.png,,
SpaceTypeGenerator,Design,Font,http://spacetypegenerator.com/,"Alter parameters, create textual animations",http://tomsmith.webfactional.com/notes/SPACE_TYPE_GENERATOR_22CFC637.png,,
Groove Pizza,Audio,Toy,https://apps.musedlab.org/groovepizza/,Create crazy beats with Groove Pizza,http://tomsmith.webfactional.com/notes/Groove_Pizza__22D3DCF8.png,,
Eternal,Audio,Toy,https://eternal.robcheung.com/,Like Max/MSP in the browser. Amazing. Confusing.,http://tomsmith.webfactional.com/notes/__22D4DFB3.png,,
Components AI,Visual,Toy,https://components.ai/,Create your own textual CSS designs.,http://tomsmith.webfactional.com/notes/Background_and_Components_AI__A_new_way_to_explore_generative_design_systems_22E9A3F5.png,,
Spiral Keyboard,Audio,Toy,http://spiral.qet.me/,A spiral piano keyboard,http://tomsmith.webfactional.com/notes/Spiral_musical_keyboard_22F9B266.png,,
Clarallel,Audio,Toy,http://www.clarallel.com/,This tool takes short texts and turns them into melodies,http://tomsmith.webfactional.com/notes/Clarallel_22FAB3DA.png,,
In-G,Audio,Toy,https://in-g.herokuapp.com/,"Interesting sonification example that takes Github upload data and turns it into ""music"". See <a href=""https://medium.com/@jarednielsen/data-sonification-and-web-scraping-with-node-js-and-tone-js-eaf2cd35a000"">this article</a>.",http://tomsmith.webfactional.com/notes/https___in-g_herokuapp_com_-_Vivaldi_22FC5303.png,,
TwoTone,Audio,Sonification,https://app.twotone.io/,Turn your spreadsheet into music. Interesting.,http://tomsmith.webfactional.com/notes/TwoTone_230D69E5.png,,
Clipchamp,Video,Editing,https://app.clipchamp.com/,Brilliant online video editor. Love it.,http://tomsmith.webfactional.com/notes/Clipchamp_Create_2334EA20.png,,
AudioSauna,Audio,Creating,http://www.audiosauna.com/studio/,Interesting synth and sampler app. ,http://tomsmith.webfactional.com/notes/AudioSauna_-_Online_Music_Software_23350CC9.png,,
DroneFX,Audio,Creating,https://www.dronefx.com/projects/dronefx/,Requires Flash. Really interesting drone/soundtrack generator... Creating a moody filmtrack? This might be useful.,http://tomsmith.webfactional.com/notes/Meditation_Music__23350FB4.png,,
BandLab,Audio,Creating,https://www.bandlab.com/,"Oh my word! Amazing. A full audio workstation that works in the browser, on Android and iOS.",http://tomsmith.webfactional.com/notes/Untitled_-_Mix_Editor_233B85C0.png,,
GSN Composer,Image,Coding,https://www.gsn-lib.org,Visual node-based graphics editor,http://tomsmith.webfactional.com/notes/GSN_Composer___Online_Node-based_Visual_Programming_23671443.png,,
Polychrome,Image,Story,https://michaelpaulukonis.github.io/polychrome.p5/,"""Paint"" with text, creating pyschedelic textures.",http://michaelpaulukonis.github.io/_nuxt/7ea1c983bb38c1e96b9e8cd1e3980097-928.jpg,,
FXFive,Audio,Story,https://fxive.com/app/main-panel/Mammals.html,Alter all the parameters to create your own sound effects,http://tomsmith.webfactional.com/notes/Mammals_236ED25F.png,,
MotifN,Coding,Audio,https://www.motifn.com,Really Interesting Javascript-based live-coding music site.,http://tomsmith.webfactional.com/notes/Motifn_23800DB9.png,,
Plotto,Writing,Story,https://garykac.github.io/plotto/plotto-mf.html,"Published in 1928, a ""A New Method of Plot Suggestion for Writers of Creative Fiction"".  ",http://tomsmith.webfactional.com/notes/Plotto_23801203.png,,
Episode,Writing,Story,https://www.episodeinteractive.com,Interactive fiction platform. Not tried this yet. ,http://tomsmith.webfactional.com/notes/PLAY_THE_TUTORIAL_Episode_1_238018D5.png,,
Medieval Fantasy City Generator,Maps,Toy,https://watabou.itch.io/medieval-fantasy-city-generator,Create maps for your story,http://tomsmith.webfactional.com/notes/Medieval_Fantasy_City_Generator_by_watabou_23818AD9.png,,
Meaning Generator,Prompt,Toy,http://meaning-generator.com/,Random concepts to help with creativity. Amazing what you can make with just three words,http://tomsmith.webfactional.com/notes/The_Meaning_Generator_23818DED.png,,
Beautiful Audio Editor,Audio,Editing,https://beautifulaudioeditor.appspot.com/,"Interesting audio editor, that integrates tightly with Google Drive.",http://tomsmith.webfactional.com/notes/Beautiful_Audio_Editor_23840E01.png,,
imagevenue,Image,Coding,http://www.imagevenue.com/hostflash.php,Free image hosting. Useful if you're using Twine or similar.,http://tomsmith.webfactional.com/notes/ImageVenue_com_-_Image_Hosting_and_Image_Upload_23846F24.png,,
Palladio,Visualisation,Data,https://hdlab.stanford.edu/palladio/,Node network diagram builder.,http://hdlab.stanford.edu/palladio/assets/graph-view.jpg,,
Moises,Audio,Editing,https://moises.ai/,Extract backing tracks from songs,http://tomsmith.webfactional.com/notes/Moises_ai_23858CDC.png,,
Key Chords,Audio,Writing,https://www.drumbot.com/projects/key_chords/,Discover new chord progressions. Requires Flash.,http://tomsmith.webfactional.com/notes/Key_Chords__23952A08.png,,
Neural Beatbox,Audio,Editing,https://codepen.io/naotokui/pen/NBzJMW,"Record some audio, analyze then generate rthyms ",http://tomsmith.webfactional.com/notes/Neural_Beatbox__alpha___23952B7C.png,,
Splitter,Audio,Editing,http://www.splitter.ai/,Split vocals from a music track.,http://tomsmith.webfactional.com/notes/Splitter_ai_-_AI_powered_audio_extraction_23959BCE.png,,
The Vistorian,Visualisation,Data,https://networkcube.github.io/networkcube/web/index.html,"Incredible ""end-user"" tool for visualistion network graphs.",http://tomsmith.webfactional.com/notes/The_Vistorian_239E6A5C.png,,
Lynks,Visualisation,Data,https://lynksoft.com/,Network graph visualisation tool,http://tomsmith.webfactional.com/notes/Lynksoft__Create_Explore_Share_239E6C1B.png,,
Graph Commons,Visualation,Data,https://graphcommons.com/,Easy to use network graph visualisation tool,http://tomsmith.webfactional.com/notes/Graph_Commons__Map_networks_together_239E6F88.png,,
Geo Poetry Generator,Writing,Prompt,https://satellitestud.io/osm-haiku/app/#10/54.1202/-1.1948,Find your lat/lng here: https://www.latlong.net/ then have it make a poem for you.,http://tomsmith.webfactional.com/notes/OpenStreetMap_Haiku_23A16211.png,,
RiffShare,Audio,Toy,https://surikov.github.io/RiffShareAndroid/app/src/main/assets/index.html,Very strange sound creator.,http://tomsmith.webfactional.com/notes/Desktop_RiffShare__23AE0CE5.png,,
Ascii Art Creator,Text,Image,https://asc-paint.glitch.me/,,http://tomsmith.webfactional.com/notes/ASC_PAINT_23AE2B0A.png,,
Fridge Poetry,Writing,Story,https://codepen.io/Daniel_Silber-Baker/embed/egMGyb/?height=908&theme-id=26830&default-tab=result&embed-version=2,Drag words to make your own poem,http://tomsmith.webfactional.com/notes/CodePen_Embed_-_Refrigerator_Magnet_Poetry_23BB83D0.png,,
Meme Generator,Writing,Story,https://codepen.io/ninivert/full/BpLKRx,"Design your own meme, AND get access to the code that make it",http://tomsmith.webfactional.com/notes/Meme_Generator_23BB8438.png,,
Talk To Transformer,Writing,Story,https://talktotransformer.com/,See how a modern neural network completes your text. Type a custom snippet and see what is generated,http://tomsmith.webfactional.com/notes/Talk_to_Transformer_23C4C9CF.png,,
Webpage Screenshot Free,Image,Editing,https://chrome.google.com/webstore/detail/webpage-screenshot-free/fhhdanggdhifipioellpjbeogphfkabl?hl=en,An handy extension for the Chrome browser that lets you screenshot the page and save it with cropping or full page.,https://lh3.googleusercontent.com/UuiPNnslBJ2jyb1eRzLRgsRlt67KEwjmiYqDcD9sMOBuBixMi3t2h6Wcd5Ds67FrLrVyaxYGOaA=w640-h400-e365,,
FlipAnim,Animation,Image,https://flipanim.com/,"Lovely little flipbook animation maker (slight shame about the gridlines. See also Pencil, the desktop app)",http://tomsmith.webfactional.com/notes/for_RP_s_contest_-_FlipAnim_23D9B89C.png,,
Toonator,Animation,Image,https://toonator.com/,"Nice flipbook animation tool, but NO EXPORT option. Also requires Flash. ",http://tomsmith.webfactional.com/notes/Toonator_com_-_Draw_animation_online__23D9BE07.png,,
Anchor Podcast,Audio,Story,https://anchor.fm/,Easy way to publish podcasts,http://tomsmith.webfactional.com/notes/Anchor_-_The_easiest_way_to_make_a_podcast_23F6CF80.png,,